<keymap version="1" name="Visual Studio copy" parent="Visual Studio">
  <action id="CloseAllEditors">
    <keyboard-shortcut first-keystroke="ctrl k" second-keystroke="ctrl w" />
  </action>
  <action id="ExtractInterface">
    <keyboard-shortcut first-keystroke="shift ctrl alt i" />
  </action>
  <action id="MembersPullUp">
    <keyboard-shortcut first-keystroke="shift ctrl alt u" />
  </action>
  <action id="MoveTabRight">
    <keyboard-shortcut first-keystroke="ctrl back_slash" />
  </action>
  <action id="Rider.Plugins.FSharp.SendToFsi" />
  <action id="RunInspection" />
  <action id="ShowBookmarks">
    <keyboard-shortcut first-keystroke="ctrl back_quote" />
    <keyboard-shortcut first-keystroke="ctrl k" second-keystroke="w" />
  </action>
  <action id="ShowUmlDiagram" />
  <action id="com.jetbrains.rider.interactive.csi.SendToCSharpInteractive" />
</keymap>